Customer Identifier,Accession,Targ Region, Target Sequence,Tm_CP,Tm_RP,Flags,Gene,PN(CP;RP),NSID,Comments
ACTG1       ,NM_001614   ,1991-2090,TGGCAGACTACCCACCCGAGATCGAGCCGTTCGCTGAGGCCCTCGATAGGTTAAACCTATACCAGCGTAATACTTCAACATGCACCTGTATTTAGAGGCC,81,80,,ACTG1       ,300024;200024,NM_001614:1990,
ITGA2       ,NM_002203   ,841-940,GAGGTGATCAACAACGCGTAGCTTGCTCCGCCTTACTGATAGAAAAGGTCCTAAGAGTTCTCGATTTCACTAAGGAAAGCGGCTCAACGCAACAGCGCTT,81,82,,ITGA2       ,300980;200980,NM_002203:840,
RBCK1       ,NM_006462   ,221-320,GCCCGCCGACGATACTCGGGAGTTCTGGATTATTGATTAAGGTGTTTCTTATTCACACGTGAACCTGAACCCCACCCAGTCCGACGCTGTTCAACGGGAA,79,80,,RBCK1       ,300038;200038,NM_006462:220,
CSH2        ,NM_020991   ,3066-3165,ATGCATTATCAATGGTGAGTGAGATTCAACGGTTTCGATGAGTGTCGGTTCTTCGATGTTAGATTAGTCACCACCGATAACGCCTCTAGGCCAAAAATTC,81,80,,CSH2        ,300025;200025,NM_020991:3065,
ADAMTS13    ,NM_139028   ,1331-1430,CGTGAGTGATGGGAGCCTCGAAGTTCTGTAAGGGTATGTCAGGCCCTAGATGTTTGAGACTTCGAGTCCTCTATACACCGACTCTAATGCACCTGTGTTC,81,79,,ADAMTS13    ,300035;200035,NM_139028:1330,
IL25        ,NM_172314   ,496-595,ACGGAGCCGTTAACAGCGCGCACGAGGGCCCTTCAAAGTAGCCGGTCGACTGCCTTTGCGAAAACGTAACTTACTACAGTGGCGTAGCCGCAAAGTTAGG,79,81,,IL25        ,300048;200048,NM_172314:495,
GNL3        ,NM_206826   ,2166-2265,CCGATTGCGTCAACAGAACTGTCAGTTCGAAGCCTCAATCTGTTCCTTTCGGGCGAGAGTAGACCGACATCCAATTCTGTCAATCGCTGGTTCCAGGCGG,79,82,,GNL3        ,300061;200061,NM_206826:2165,
SERPINA6    ,NP_001747   ,556-655,GCGACAGTGGTCAGGACATGGAGCTGACTATCGAAAGTATCGAGTTAAAGGTGCCCCAGCTACATTAGGGTGGTAGTTAAGACCACACGCGGCGGAAGGC,80,76,,SERPINA6    ,300103;200103,NP_001747:555,
TMEM187     ,NP_003483   ,1861-1960,CTAGCGTCTCCGATGGCTTACTCGCCAGCATTTGTAGGTGCGCCAATTATGAGGTGAGAAGATATTCGGAGAGCTTCTTCCCTCTACGTTAGACGTTTTG,82,80,,TMEM187     ,300116;200116,NP_003483:1860,
GEMIN8P4    ,NR_002830   ,1516-1615,TCCTTGACGTCCCCTTGACGAACTACTAAGCCGAGCATGGTTCTCAGACGTGAACGCGGTGACCAGTTGTATCGATAGGGCTATTACAAAGCCTGTTCTT,82,81,,GEMIN8P4    ,300115;200115,NR_002830:1515,
C16orf13    ,NR_109976   ,1986-2085,ACCACGTTGAATGAGCGACTGGTGTGGGATCTGATTCGGCGTGACCTAGATTGCGGGCAAATCGTGAATGATATGGGCGTAGCATGGATTGCGTACCCCA,75,79,,C16orf13    ,300122;200122,NR_109976:1985,
CCDC61      ,XM_005259192,2266-2365,ATGAAAGCTTTCATCGGCCCTGATGTATCTCTACAAACGTATGACTCGTCAAAGTCCCTTGTCCTAGGGGTGCTCCTCGTCCTCGGTTGTAGATATGTTG,79,82,,CCDC61      ,300138;200138,XM_005259192:2265,
MFSD5       ,XM_005269197,511-610,ATCGAACTACCGTCTGCGTTTGAAATCCCAGCGGGCTTGTTAAATGAAAACGTCTTTGATGTACTGGTGTAATATTAGCTCCTCTAAGATGAAAAGGCTA,81,80,,MFSD5       ,300148;200148,XM_005269197:510,
C1orf167    ,XM_006726327,1611-1710,GCATTTTAGGAGATCGACCCCCAACATCGAGAAAATCGCCTCAAGTTCAACTGGCCCCCCCTAGTGATGTGGAGCCGCGCCTCGTACGGGACGATAACTC,82,82,,C1orf167    ,300155;200155,XM_006726327:1610,
CDC45       ,XP_005261342,2031-2130,GACCATCGTGACCAACGTTTATGTAAATTTATGCTCAGCTGCCACTACATTGAGCCTACCCCGTGGCGGTAACGTCCGTTCGCACAACAGTCCCTCCACG,83,77,,CDC45       ,300173;200173,XP_005261342:2030,
USP19       ,XP_005264882,1221-1320,GCTACAGGCGAAACAGCCAGCCGTTGGTAACGCACTACTGTATGAATTCGAGTTACGATTTCAGTTACGGGCCTTGAGCTTCTTTTAGTACTAGCCCATA,79,81,,USP19       ,300176;200176,XP_005264882:1220,
PPFIBP2     ,XP_006718415,3466-3565,CATATCTGTCTAAGTACTTCCGGTTGCGTCCAACGCTCACACGATGCAAATGACATCTCTGCGGACGCAGAGAGTAACCTGTAGTAAGCGAGGTGTAGGG,82,81,,PPFIBP2     ,300180;200180,XP_006718415:3465,
LOC101928451,XR_432233   ,1189-1288,TTGGATCCCGACGTGACGTGAGTAACTCGTTGGACTATCGGGCCTGTGGCCACTCGTGATTCATAAAGGCCATGGCTTCCTTTCTTGTACACAGTCAATA,83,83,,LOC101928451,380640;280640,XR_432233:1188,
